id	title	url	revision
k-pstate	intel_pstate CPU Performance Scaling Driver	https://docs.kernel.org/admin-guide/pm/intel_pstate.html	kernel 7.3.0-rc5 docs
k-pstate-src	drivers/cpufreq/intel_pstate.c	https://raw.githubusercontent.com/torvalds/linux/master/drivers/cpufreq/intel_pstate.c	master, 2026-09-30
k-cpufreq	CPU Performance Scaling	https://docs.kernel.org/admin-guide/pm/cpufreq.html	7.3.0-rc5
k-scx	Extensible Scheduler Class	https://docs.kernel.org/scheduler/sched-ext.html	7.3.0-rc5
scx-lavd	scx_lavd README	https://github.com/sched-ext/scx/blob/main/scheds/rust/scx_lavd/README.md	scx HEAD bcf2edc6ba
scx-bpfland	scx_bpfland README	https://github.com/sched-ext/scx/blob/main/scheds/rust/scx_bpfland/README.md	same
scx-loader	scx-loader README	https://github.com/sched-ext/scx-loader	HEAD 2026-09-23
scx-services	scx services README (legacy scx.service)	https://github.com/sched-ext/scx/blob/main/services/README.md	scx HEAD
cachy-scx	CachyOS wiki: sched-ext	https://wiki.cachyos.org/configuration/sched-ext/	updated 2026-09-07
cachy-gaming	CachyOS wiki: Gaming	https://wiki.cachyos.org/configuration/gaming/	updated 2026-07-26
aw-cpufreq	ArchWiki: CPU frequency scaling	https://wiki.archlinux.org/title/CPU_frequency_scaling	edited 2026-09-22
aw-gaming	ArchWiki: Gaming	https://wiki.archlinux.org/title/Gaming	edited 2026-09-07
aw-sudo	ArchWiki: Sudo	https://wiki.archlinux.org/title/Sudo	edited 2026-05-22
sudoers5	sudoers(5), Sudo 1.9.17p2	https://man.archlinux.org/man/sudoers.5	1.9.17p2
visudo8	visudo(8)	https://man.archlinux.org/man/visudo.8	1.9.17p2
sd-service	systemd.service(5), systemd 262	https://man.archlinux.org/man/systemd.service.5	262
sd-exec	systemd.exec(5), systemd 262	https://man.archlinux.org/man/systemd.exec.5	262
sd-analyze	systemd-analyze(1), systemd 262	https://man.archlinux.org/man/systemd-analyze.1	262
gamemode	FeralInteractive/gamemode README	https://github.com/FeralInteractive/gamemode	1.8.2, README 2026-04-17
mold	rui314/mold README	https://github.com/rui314/mold	v2.42.1, README 2026-09-18
sccache	mozilla/sccache README and docs/Local.md	https://github.com/mozilla/sccache	v0.18.0
nvml-cmd	NVML API reference: Device Commands	https://docs.nvidia.com/deploy/nvml-api/api/group__nvmlDeviceCommands.html	"Last updated on Sep 09, 2026", NVML v615
nvml-query	NVML API reference: Device Queries	https://docs.nvidia.com/deploy/nvml-api/api/group__nvmlDeviceQueries.html	same
nvml-offset-t	nvmlClockOffset_v1_t struct	https://docs.nvidia.com/deploy/nvml-api/api/structnvmlClockOffset__v1__t.html	same
nvml-log	NVML change log	https://docs.nvidia.com/deploy/nvml-api/change-log.html	same
nvml-dep	NVML deprecated list	https://docs.nvidia.com/deploy/nvml-api/api/deprecated.html	same
smi	nvidia-smi documentation	https://docs.nvidia.com/deploy/nvidia-smi/index.html	v610 update
drv-xopt	Driver README: X config options (Coolbits)	https://download.nvidia.com/XFree86/Linux-x86_64/595.91.07/README/xconfigoptions.html	595.91.07
drv-wl	Driver README: Wayland known issues	https://download.nvidia.com/XFree86/Linux-x86_64/595.91.07/README/wayland-issues.html	595.91.07
drv-pd	Driver README: nvidia-persistenced	https://download.nvidia.com/XFree86/Linux-x86_64/595.91.07/README/nvidia-persistenced.html	595.91.07
lact	LACT README and Hardware-Support wiki	https://github.com/ilya-zlobintsev/LACT/blob/master/README.md	v0.10.1, 2026-08-29
nv-4060ti	NVIDIA RTX 4060 Ti product page	https://www.nvidia.com/en-us/geforce/graphics-cards/40-series/rtx-4060-4060ti/	undated, read 2026-09-30
pynvml	nvidia-ml-py	https://pypi.org/project/nvidia-ml-py/	13.615.71, 2026-09-25
